{"cameraMode":{"drawMode":0,"name":"Shaded","section":"Shading Mode"},"sceneLighting":false,"audioPlay":false,"sceneViewState":{"showFog":true,"showMaterialUpdate":false,"showSkybox":false,"showFlares":true,"showImageEffects":true,"showParticleSystems":true},"in2DMode":false,"pivot":{"x":-3.999999761581421,"y":1.1399998664855958,"z":-0.1919999122619629},"rotation":{"x":-0.10732695460319519,"y":0.8757031559944153,"z":-0.22827403247356416,"w":-0.41172948479652407},"size":28.00726318359375,"orthographic":false}