{"cameraMode":{"drawMode":0,"name":"Shaded","section":"Shading Mode"},"sceneLighting":true,"audioPlay":false,"sceneViewState":{"showFog":true,"showMaterialUpdate":false,"showSkybox":true,"showFlares":true,"showImageEffects":true,"showParticleSystems":true},"in2DMode":false,"pivot":{"x":75.87704467773438,"y":177.48281860351563,"z":104.65039825439453},"rotation":{"x":0.07534291595220566,"y":-0.8064507246017456,"z":0.10538120567798615,"w":0.5769567489624023},"size":8.746989250183106,"orthographic":false}