{"cameraMode":{"drawMode":0,"name":"Shaded","section":"Shading Mode"},"sceneLighting":false,"audioPlay":false,"sceneViewState":{"showFog":true,"showMaterialUpdate":false,"showSkybox":false,"showFlares":true,"showImageEffects":true,"showParticleSystems":true},"in2DMode":false,"pivot":{"x":80.929443359375,"y":177.1009521484375,"z":104.419921875},"rotation":{"x":0.07429715991020203,"y":0.5796547532081604,"z":-0.05318693444132805,"w":0.8097231984138489},"size":4.551136016845703,"orthographic":true}