{"cameraMode":{"drawMode":0,"name":"Shaded","section":"Shading Mode"},"sceneLighting":true,"audioPlay":false,"sceneViewState":{"showFog":true,"showMaterialUpdate":false,"showSkybox":true,"showFlares":true,"showImageEffects":true,"showParticleSystems":true},"in2DMode":false,"pivot":{"x":122.29934692382813,"y":179.0293731689453,"z":106.61611938476563},"rotation":{"x":-0.22935718297958375,"y":-0.7120240926742554,"z":0.2692284882068634,"w":-0.6065800189971924},"size":18.85342025756836,"orthographic":true}