{"cameraMode":{"drawMode":0,"name":"Shaded","section":"Shading Mode"},"sceneLighting":true,"audioPlay":false,"sceneViewState":{"showFog":true,"showMaterialUpdate":false,"showSkybox":true,"showFlares":true,"showImageEffects":true,"showParticleSystems":true},"in2DMode":false,"pivot":{"x":97.35897064208985,"y":179.3815460205078,"z":101.73152160644531},"rotation":{"x":-0.10766924172639847,"y":0.8750845789909363,"z":-0.22811278700828553,"w":-0.4130425751209259},"size":21.618362426757814,"orthographic":false}