{"cameraMode":{"drawMode":0,"name":"Shaded","section":"Shading Mode"},"sceneLighting":false,"audioPlay":false,"sceneViewState":{"showFog":true,"showMaterialUpdate":false,"showSkybox":true,"showFlares":true,"showImageEffects":true,"showParticleSystems":true},"in2DMode":false,"pivot":{"x":-0.6084764003753662,"y":0.9273755550384522,"z":-0.8340627551078796},"rotation":{"x":-0.0036556096747517587,"y":0.9962830543518066,"z":-0.06615988165140152,"w":-0.05505022779107094},"size":5.1507954597473148,"orthographic":false}