{"cameraMode":{"drawMode":0,"name":"Shaded","section":"Shading Mode"},"sceneLighting":false,"audioPlay":false,"sceneViewState":{"showFog":true,"showMaterialUpdate":false,"showSkybox":true,"showFlares":true,"showImageEffects":true,"showParticleSystems":true},"in2DMode":false,"pivot":{"x":0.0006048679351806641,"y":2.027233839035034,"z":0.08830380439758301},"rotation":{"x":-0.0036556096747517587,"y":0.9962830543518066,"z":-0.06615988165140152,"w":-0.05505022779107094},"size":7.713436126708984,"orthographic":false}