{"cameraMode":{"drawMode":0,"name":"Shaded","section":"Shading Mode"},"sceneLighting":true,"audioPlay":false,"sceneViewState":{"showFog":true,"showMaterialUpdate":false,"showSkybox":true,"showFlares":true,"showImageEffects":true,"showParticleSystems":true},"in2DMode":false,"pivot":{"x":90.21076202392578,"y":177.40972900390626,"z":100.37340545654297},"rotation":{"x":-0.10665082186460495,"y":0.8845325112342835,"z":-0.24795620143413545,"w":-0.3804549276828766},"size":25.696796417236329,"orthographic":false}