{"cameraMode":{"drawMode":0,"name":"Shaded","section":"Shading Mode"},"sceneLighting":false,"audioPlay":false,"sceneViewState":{"showFog":true,"showMaterialUpdate":false,"showSkybox":true,"showFlares":true,"showImageEffects":true,"showParticleSystems":true},"in2DMode":false,"pivot":{"x":0.03071582317352295,"y":0.3058618903160095,"z":0.00423094630241394},"rotation":{"x":-0.0036556096747517587,"y":0.9962830543518066,"z":-0.06615988165140152,"w":-0.05505022779107094},"size":2.5443637371063234,"orthographic":false}