{"cameraMode":{"drawMode":0,"name":"Shaded","section":"Shading Mode"},"sceneLighting":true,"audioPlay":false,"sceneViewState":{"showFog":true,"showMaterialUpdate":false,"showSkybox":true,"showFlares":true,"showImageEffects":true,"showParticleSystems":true},"in2DMode":false,"pivot":{"x":87.53219604492188,"y":175.70071411132813,"z":104.16944122314453},"rotation":{"x":-0.22935718297958375,"y":-0.7120240926742554,"z":0.2692284882068634,"w":-0.6065800189971924},"size":22.0,"orthographic":true}