{"cameraMode":{"drawMode":0,"name":"Shaded","section":"Shading Mode"},"sceneLighting":true,"audioPlay":false,"sceneViewState":{"showFog":true,"showMaterialUpdate":false,"showSkybox":true,"showFlares":true,"showImageEffects":true,"showParticleSystems":true},"in2DMode":false,"pivot":{"x":12.9399995803833,"y":2.5179998874664308,"z":9.880000114440918},"rotation":{"x":0.12105564773082733,"y":0.4524661600589752,"z":-0.062148287892341617,"w":0.8813426494598389},"size":50.31147003173828,"orthographic":false}