{"cameraMode":{"drawMode":0,"name":"Shaded","section":"Shading Mode"},"sceneLighting":false,"audioPlay":false,"sceneViewState":{"showFog":true,"showMaterialUpdate":false,"showSkybox":false,"showFlares":true,"showImageEffects":true,"showParticleSystems":true},"in2DMode":false,"pivot":{"x":73.45870971679688,"y":178.1822052001953,"z":96.55958557128906},"rotation":{"x":-0.021902916952967645,"y":-0.9779484272003174,"z":0.1553133726119995,"w":-0.13791529834270478},"size":2.1688172817230226,"orthographic":true}