{"cameraMode":{"drawMode":0,"name":"Shaded","section":"Shading Mode"},"sceneLighting":false,"audioPlay":false,"sceneViewState":{"showFog":true,"showMaterialUpdate":false,"showSkybox":true,"showFlares":true,"showImageEffects":true,"showParticleSystems":true},"in2DMode":false,"pivot":{"x":56.85447692871094,"y":177.42092895507813,"z":127.17525482177735},"rotation":{"x":-0.009722360409796238,"y":0.866658627986908,"z":-0.01690196990966797,"w":-0.4985199272632599},"size":1.9341949224472047,"orthographic":false}