{"cameraMode":{"drawMode":0,"name":"Shaded","section":"Shading Mode"},"sceneLighting":false,"audioPlay":false,"sceneViewState":{"showFog":true,"showMaterialUpdate":false,"showSkybox":true,"showFlares":true,"showImageEffects":true,"showParticleSystems":true},"in2DMode":false,"pivot":{"x":-28.075782775878908,"y":38.18946075439453,"z":-37.746700286865237},"rotation":{"x":0.13474801182746888,"y":0.856752872467041,"z":-0.28088924288749697,"w":0.4110095500946045},"size":154.9466094970703,"orthographic":false}