{"cameraMode":{"drawMode":0,"name":"Shaded","section":"Shading Mode"},"sceneLighting":false,"audioPlay":false,"sceneViewState":{"showFog":true,"showMaterialUpdate":false,"showSkybox":true,"showFlares":true,"showImageEffects":true,"showParticleSystems":true},"in2DMode":false,"pivot":{"x":9.06085205078125,"y":29.051929473876954,"z":33.481201171875},"rotation":{"x":0.18295951187610627,"y":0.7361478209495544,"z":-0.21952272951602937,"w":0.6135334372520447},"size":140.30474853515626,"orthographic":false}