{"cameraMode":{"drawMode":0,"name":"Shaded","section":"Shading Mode"},"sceneLighting":false,"audioPlay":false,"sceneViewState":{"showFog":true,"showMaterialUpdate":false,"showSkybox":false,"showFlares":true,"showImageEffects":true,"showParticleSystems":true},"in2DMode":false,"pivot":{"x":94.91483306884766,"y":175.36375427246095,"z":110.55650329589844},"rotation":{"x":0.0041124531999230389,"y":-0.9943150281906128,"z":-0.04178586229681969,"w":-0.09785832464694977},"size":28.578840255737306,"orthographic":true}