{"cameraMode":{"drawMode":0,"name":"Shaded","section":"Shading Mode"},"sceneLighting":true,"audioPlay":false,"sceneViewState":{"showFog":true,"showMaterialUpdate":false,"showSkybox":false,"showFlares":true,"showImageEffects":true,"showParticleSystems":true},"in2DMode":false,"pivot":{"x":-3.993494987487793,"y":1.2839391231536866,"z":-0.10948439687490463},"rotation":{"x":0.15726028382778169,"y":-0.8421851396560669,"z":0.3476623296737671,"w":0.38095247745513918},"size":22.0,"orthographic":false}