{"cameraMode":{"drawMode":0,"name":"Shaded","section":"Shading Mode"},"sceneLighting":false,"audioPlay":false,"sceneViewState":{"showFog":true,"showMaterialUpdate":false,"showSkybox":false,"showFlares":true,"showImageEffects":true,"showParticleSystems":true},"in2DMode":false,"pivot":{"x":74.33051300048828,"y":177.74716186523438,"z":96.99763488769531},"rotation":{"x":0.06134776771068573,"y":-0.787289023399353,"z":0.07939017564058304,"w":0.6083711385726929},"size":10.5740385055542,"orthographic":false}