{"cameraMode":{"drawMode":0,"name":"Shaded","section":"Shading Mode"},"sceneLighting":false,"audioPlay":false,"sceneViewState":{"showFog":true,"showMaterialUpdate":false,"showSkybox":false,"showFlares":true,"showImageEffects":true,"showParticleSystems":true},"in2DMode":false,"pivot":{"x":0.052310943603515628,"y":32.701438903808597,"z":8.05986213684082},"rotation":{"x":-0.010625402443110943,"y":0.9889692068099976,"z":-0.08924851566553116,"w":-0.11774455010890961},"size":184.56793212890626,"orthographic":false}