{"cameraMode":{"drawMode":0,"name":"Shaded","section":"Shading Mode"},"sceneLighting":true,"audioPlay":false,"sceneViewState":{"showFog":true,"showMaterialUpdate":false,"showSkybox":true,"showFlares":true,"showImageEffects":true,"showParticleSystems":true},"in2DMode":false,"pivot":{"x":56.369998931884769,"y":176.63999938964845,"z":124.69000244140625},"rotation":{"x":-0.039236996322870257,"y":0.8359873294830322,"z":0.06029514968395233,"w":0.5440140962600708},"size":22.0,"orthographic":false}