{"cameraMode":{"drawMode":0,"name":"Shaded","section":"Shading Mode"},"sceneLighting":false,"audioPlay":false,"sceneViewState":{"showFog":true,"showMaterialUpdate":false,"showSkybox":true,"showFlares":true,"showImageEffects":true,"showParticleSystems":true},"in2DMode":false,"pivot":{"x":0.008590131998062134,"y":0.35833320021629336,"z":-0.01825803518295288},"rotation":{"x":-0.0036556096747517587,"y":0.9962830543518066,"z":-0.06615988165140152,"w":-0.05505022779107094},"size":1.596359133720398,"orthographic":false}