{"cameraMode":{"drawMode":0,"name":"Shaded","section":"Shading Mode"},"sceneLighting":true,"audioPlay":false,"sceneViewState":{"showFog":true,"showMaterialUpdate":false,"showSkybox":true,"showFlares":true,"showImageEffects":true,"showParticleSystems":true},"in2DMode":false,"pivot":{"x":93.43081665039063,"y":177.91943359375,"z":114.0593032836914},"rotation":{"x":0.15618976950645448,"y":0.7329001426696777,"z":-0.17959022521972657,"w":0.6373788118362427},"size":4.819056510925293,"orthographic":false}