{"cameraMode":{"drawMode":0,"name":"Shaded","section":"Shading Mode"},"sceneLighting":false,"audioPlay":false,"sceneViewState":{"showFog":true,"showMaterialUpdate":false,"showSkybox":true,"showFlares":true,"showImageEffects":true,"showParticleSystems":true},"in2DMode":false,"pivot":{"x":-6.790549278259277,"y":5.206032752990723,"z":-0.8865423202514648},"rotation":{"x":0.18295951187610627,"y":0.7361478209495544,"z":-0.21952272951602937,"w":0.6135334372520447},"size":26.525400161743165,"orthographic":false}