{"cameraMode":{"drawMode":0,"name":"Shaded","section":"Shading Mode"},"sceneLighting":true,"audioPlay":false,"sceneViewState":{"showFog":true,"showMaterialUpdate":false,"showSkybox":true,"showFlares":true,"showImageEffects":true,"showParticleSystems":true},"in2DMode":false,"pivot":{"x":114.9459457397461,"y":181.30088806152345,"z":106.79661560058594},"rotation":{"x":0.003172284225001931,"y":0.753585159778595,"z":-0.0036152335815131666,"w":0.657358705997467},"size":31.968280792236329,"orthographic":false}