{"cameraMode":{"drawMode":0,"name":"Shaded","section":"Shading Mode"},"sceneLighting":false,"audioPlay":false,"sceneViewState":{"showFog":true,"showMaterialUpdate":false,"showSkybox":true,"showFlares":true,"showImageEffects":true,"showParticleSystems":true},"in2DMode":false,"pivot":{"x":0.048800379037857059,"y":0.7056924104690552,"z":-0.03887850046157837},"rotation":{"x":-0.0036556096747517587,"y":0.9962830543518066,"z":-0.06615988165140152,"w":-0.05505022779107094},"size":7.043196201324463,"orthographic":false}