{
    "score": 1100,
    "waveData": {
        "wave": 4,
        "enemyDatas": [
            {
                "startingHealth": 101.45293426513672,
                "health": 100.0,
                "damage": 20.290586471557618,
                "speed": 1.0290586948394776,
                "color": {
                    "r": 1.0,
                    "g": 0.9854706525802612,
                    "b": 0.9854706525802612,
                    "a": 1.0
                },
                "position": {
                    "x": 9.564719200134278,
                    "y": 0.05896615982055664,
                    "z": 0.8468813300132752
                },
                "rotation": {
                    "x": 0.0,
                    "y": -0.724139392375946,
                    "z": 0.0,
                    "w": 0.6896536946296692
                }
            },
            {
                "startingHealth": 188.0894012451172,
                "health": 100.0,
                "damage": 37.61787796020508,
                "speed": 2.7617878913879396,
                "color": {
                    "r": 1.0,
                    "g": 0.11910605430603028,
                    "b": 0.11910605430603028,
                    "a": 1.0
                },
                "position": {
                    "x": 7.182377815246582,
                    "y": 0.1090378537774086,
                    "z": 0.4995698928833008
                },
                "rotation": {
                    "x": 0.0,
                    "y": -0.782548725605011,
                    "z": 0.0,
                    "w": 0.6225893497467041
                }
            },
            {
                "startingHealth": 151.86093139648438,
                "health": 100.0,
                "damage": 30.3721866607666,
                "speed": 2.0372185707092287,
                "color": {
                    "r": 1.0,
                    "g": 0.48139065504074099,
                    "b": 0.48139065504074099,
                    "a": 1.0
                },
                "position": {
                    "x": -10.373047828674317,
                    "y": 0.02816951647400856,
                    "z": 1.2096624374389649
                },
                "rotation": {
                    "x": 0.0,
                    "y": 0.8017013072967529,
                    "z": 0.0,
                    "w": 0.5977247953414917
                }
            },
            {
                "startingHealth": 129.9868621826172,
                "health": 100.0,
                "damage": 25.997373580932618,
                "speed": 1.599737286567688,
                "color": {
                    "r": 1.0,
                    "g": 0.700131356716156,
                    "b": 0.700131356716156,
                    "a": 1.0
                },
                "position": {
                    "x": -1.7106729745864869,
                    "y": 0.05896615982055664,
                    "z": 12.73374080657959
                },
                "rotation": {
                    "x": 0.0,
                    "y": 0.9971466660499573,
                    "z": 0.0,
                    "w": -0.07548918575048447
                }
            },
            {
                "startingHealth": 173.84231567382813,
                "health": 100.0,
                "damage": 34.768463134765628,
                "speed": 2.47684645652771,
                "color": {
                    "r": 1.0,
                    "g": 0.261576771736145,
                    "b": 0.261576771736145,
                    "a": 1.0
                },
                "position": {
                    "x": 5.333720684051514,
                    "y": 0.05896615982055664,
                    "z": 1.5230389833450318
                },
                "rotation": {
                    "x": 0.0,
                    "y": -0.782584011554718,
                    "z": 0.0,
                    "w": 0.622545063495636
                }
            },
            {
                "startingHealth": 116.33626556396485,
                "health": 100.0,
                "damage": 23.26725196838379,
                "speed": 1.3267252445220948,
                "color": {
                    "r": 1.0,
                    "g": 0.8366373777389526,
                    "b": 0.8366373777389526,
                    "a": 1.0
                },
                "position": {
                    "x": 7.696402072906494,
                    "y": 0.05896615982055664,
                    "z": 1.7950170040130616
                },
                "rotation": {
                    "x": 0.0,
                    "y": -0.7692121267318726,
                    "z": 0.0,
                    "w": 0.638993501663208
                }
            },
            {
                "startingHealth": 188.7803955078125,
                "health": 0.0,
                "damage": 37.756080627441409,
                "speed": 2.7756080627441408,
                "color": {
                    "r": 1.0,
                    "g": 0.11219596862792969,
                    "b": 0.11219596862792969,
                    "a": 1.0
                },
                "position": {
                    "x": -2.6679961681365969,
                    "y": 0.12378973513841629,
                    "z": -6.467013359069824
                },
                "rotation": {
                    "x": 0.0,
                    "y": 0.9418993592262268,
                    "z": 0.0,
                    "w": -0.335895299911499
                }
            },
            {
                "startingHealth": 199.02340698242188,
                "health": 0.0,
                "damage": 39.804683685302737,
                "speed": 2.980468273162842,
                "color": {
                    "r": 1.0,
                    "g": 0.009765863418579102,
                    "b": 0.009765863418579102,
                    "a": 1.0
                },
                "position": {
                    "x": 0.8849795460700989,
                    "y": 0.23459912836551667,
                    "z": -2.1455836296081545
                },
                "rotation": {
                    "x": 0.0,
                    "y": 0.995967447757721,
                    "z": 0.0,
                    "w": -0.08971574902534485
                }
            },
            {
                "startingHealth": 178.810791015625,
                "health": 0.0,
                "damage": 35.76215744018555,
                "speed": 2.5762157440185549,
                "color": {
                    "r": 1.0,
                    "g": 0.21189212799072267,
                    "b": 0.21189212799072267,
                    "a": 1.0
                },
                "position": {
                    "x": 4.137861251831055,
                    "y": 0.14931565523147584,
                    "z": 0.25790300965309145
                },
                "rotation": {
                    "x": 0.0,
                    "y": -0.921484649181366,
                    "z": 0.0,
                    "w": 0.3884149491786957
                }
            },
            {
                "startingHealth": 123.35296630859375,
                "health": 0.0,
                "damage": 24.67059326171875,
                "speed": 1.4670593738555909,
                "color": {
                    "r": 1.0,
                    "g": 0.7664703130722046,
                    "b": 0.7664703130722046,
                    "a": 1.0
                },
                "position": {
                    "x": 4.967668533325195,
                    "y": 0.12528198957443238,
                    "z": 0.4021049439907074
                },
                "rotation": {
                    "x": 0.0,
                    "y": -0.8941934704780579,
                    "z": 0.0,
                    "w": 0.44768092036247256
                }
            }
        ]
    },
    "playerData": {
        "health": 100.0,
        "ammoRemain": 83,