{
    "score": 2100,
    "waveData": {
        "wave": 5,
        "enemyDatas": [
            {
                "startingHealth": 158.7229766845703,
                "health": 100.0,
                "damage": 31.744596481323243,
                "speed": 2.174459457397461,
                "color": {
                    "r": 1.0,
                    "g": 0.41277021169662478,
                    "b": 0.41277021169662478,
                    "a": 1.0
                },
                "position": {
                    "x": -0.3030852675437927,
                    "y": 0.06640656292438507,
                    "z": -4.826326847076416
                },
                "rotation": {
                    "x": 0.0,
                    "y": 0.9526486992835999,
                    "z": 0.0,
                    "w": 0.30407318472862246
                }
            },
            {
                "startingHealth": 110.99162292480469,
                "health": 100.0,
                "damage": 22.19832420349121,
                "speed": 1.219832420349121,
                "color": {
                    "r": 1.0,
                    "g": 0.8900837898254395,
                    "b": 0.8900837898254395,
                    "a": 1.0
                },
                "position": {
                    "x": 0.1495886594057083,
                    "y": 0.08190344274044037,
                    "z": 1.4315054416656495
                },
                "rotation": {
                    "x": 0.0,
                    "y": -0.990505576133728,
                    "z": 0.0,
                    "w": -0.1374729871749878
                }
            },
            {
                "startingHealth": 152.11492919921876,
                "health": 100.0,
                "damage": 30.42298698425293,
                "speed": 2.0422987937927248,
                "color": {
                    "r": 1.0,
                    "g": 0.47885066270828249,
                    "b": 0.47885066270828249,
                    "a": 1.0
                },
                "position": {
                    "x": 0.002385130152106285,
                    "y": 0.05916830897331238,
                    "z": -3.5041558742523195
                },
                "rotation": {
                    "x": 0.0,
                    "y": 0.9596052169799805,
                    "z": 0.0,
                    "w": 0.2813502550125122
                }
            },
            {
                "startingHealth": 143.91854858398438,
                "health": 100.0,
                "damage": 28.783708572387697,
                "speed": 1.8783708810806275,
                "color": {
                    "r": 1.0,
                    "g": 0.5608145594596863,
                    "b": 0.5608145594596863,
                    "a": 1.0
                },
                "position": {
                    "x": 0.32141783833503725,
                    "y": 0.086204893887043,
                    "z": -1.679869294166565
                },
                "rotation": {
                    "x": 0.0,
                    "y": 0.9752746224403381,
                    "z": 0.0,
                    "w": 0.22099652886390687
                }
            }
        ]
    },
    "playerData": {
        "health": 104.76921081542969,
        "ammoRemain": 69,
        "magCapacity": 25,
        "magAmmo": 23,
        "position": {
            "x": 3.958073854446411,
            "y": 0.0,
            "z": -4.952603816986084
        },
        "rotation": {
            "x": 0.0,
            "y": 0.7288851737976074,
            "z": 0.0,
            "w": 0.6846359968185425
        }
    }
}