{
    "score": 2100,
    "waveData": {
        "wave": 5,
        "enemyDatas": [
            {
                "startingHealth": 143.91854858398438,
                "health": 100.0,
                "damage": 28.783708572387697,
                "speed": 1.8783708810806275,
                "color": {
                    "r": 1.0,
                    "g": 0.5608145594596863,
                    "b": 0.5608145594596863,
                    "a": 1.0
                },
                "position": {
                    "x": -0.09335802495479584,
                    "y": 0.05896615982055664,
                    "z": 1.561999797821045
                },
                "rotation": {
                    "x": 0.0,
                    "y": 0.9992169141769409,
                    "z": 0.0,
                    "w": -0.039567407220602038
                }
            },
            {
                "startingHealth": 152.11492919921876,
                "health": 100.0,
                "damage": 30.42298698425293,
                "speed": 2.0422987937927248,
                "color": {
                    "r": 1.0,
                    "g": 0.47885066270828249,
                    "b": 0.47885066270828249,
                    "a": 1.0
                },
                "position": {
                    "x": -0.3473195433616638,
                    "y": 0.0639258325099945,
                    "z": -0.07737293094396591
                },
                "rotation": {
                    "x": 0.0,
                    "y": 0.9996896386146545,
                    "z": 0.0,
                    "w": -0.02491423673927784
                }
            },
            {
                "startingHealth": 110.99162292480469,
                "health": 100.0,
                "damage": 22.19832420349121,
                "speed": 1.219832420349121,
                "color": {
                    "r": 1.0,
                    "g": 0.8900837898254395,
                    "b": 0.8900837898254395,
                    "a": 1.0
                },
                "position": {
                    "x": -0.4768226444721222,
                    "y": 0.05896615982055664,
                    "z": 3.5638716220855715
                },
                "rotation": {
                    "x": 0.0,
                    "y": -0.9663999080657959,
                    "z": 0.0,
                    "w": -0.2570432424545288
                }
            },
            {
                "startingHealth": 158.7229766845703,
                "health": 100.0,
                "damage": 31.744596481323243,
                "speed": 2.174459457397461,
                "color": {
                    "r": 1.0,
                    "g": 0.41277021169662478,
                    "b": 0.41277021169662478,
                    "a": 1.0
                },
                "position": {
                    "x": -0.6686128973960877,
                    "y": 0.07860825210809708,
                    "z": -1.406156063079834
                },
                "rotation": {
                    "x": 0.0,
                    "y": 0.9999925494194031,
                    "z": 0.0,
                    "w": 0.003877215553075075
                }
            }
        ]
    },
    "playerData": {
        "health": 104.76921081542969,
        "ammoRemain": 69,
        "magCapacity": 25,
        "magAmmo": 24,
        "position": {
            "x": -1.011690378189087,
            "y": 0.0,
            "z": -6.693686485290527
        },
        "rotation": {
            "x": 0.0,
            "y": 0.7203294038772583,
            "z": 0.0,
            "w": 0.6936321258544922
        }
    }
}