{
    "score": 200,
    "waveData": {
        "wave": 2,
        "enemyDatas": [
            {
                "startingHealth": 198.4266815185547,
                "health": 100.0,
                "damage": 39.68533706665039,
                "speed": 2.968533754348755,
                "color": {
                    "r": 1.0,
                    "g": 0.01573312282562256,
                    "b": 0.01573312282562256,
                    "a": 1.0
                },
                "position": {
                    "x": -1.189025640487671,
                    "y": 0.09389659017324448,
                    "z": -3.374082326889038
                },
                "rotation": {
                    "x": 0.0,
                    "y": -0.9939046502113342,
                    "z": 0.0,
                    "w": 0.11024343967437744
                }
            },
            {
                "startingHealth": 161.47604370117188,
                "health": 25.0,
                "damage": 32.29520797729492,
                "speed": 2.229520797729492,
                "color": {
                    "r": 1.0,
                    "g": 0.38523954153060915,
                    "b": 0.38523954153060915,
                    "a": 1.0
                },
                "position": {
                    "x": 0.8438848853111267,
                    "y": 0.1564413607120514,
                    "z": -0.5856375694274902
                },
                "rotation": {
                    "x": 0.0,
                    "y": -0.9620794057846069,
                    "z": 0.0,
                    "w": 0.27276962995529177
                }
            },
            {
                "startingHealth": 114.80640411376953,
                "health": 100.0,
                "damage": 22.961280822753908,
                "speed": 1.2961280345916749,
                "color": {
                    "r": 1.0,
                    "g": 0.8519359827041626,
                    "b": 0.8519359827041626,
                    "a": 1.0
                },
                "position": {
                    "x": 4.3708696365356449,
                    "y": 0.05896615982055664,
                    "z": 1.7121273279190064
                },
                "rotation": {
                    "x": 0.0,
                    "y": -0.8833655714988709,
                    "z": 0.0,
                    "w": 0.46868476271629336
                }
            },
            {
                "startingHealth": 146.89686584472657,
                "health": 0.0,
                "damage": 29.37937355041504,
                "speed": 1.9379373788833619,
                "color": {
                    "r": 1.0,
                    "g": 0.5310313105583191,
                    "b": 0.5310313105583191,
                    "a": 1.0
                },
                "position": {
                    "x": 5.879633903503418,
                    "y": 0.05896615982055664,
                    "z": 2.118788480758667
                },
                "rotation": {
                    "x": 0.0,
                    "y": -0.6783167123794556,
                    "z": 0.0,
                    "w": 0.7347697019577026
                }
            },
            {
                "startingHealth": 154.3405303955078,
                "health": 0.0,
                "damage": 30.868106842041017,
                "speed": 2.08681058883667,
                "color": {
                    "r": 1.0,
                    "g": 0.45659464597702029,
                    "b": 0.45659464597702029,
                    "a": 1.0
                },
                "position": {
                    "x": -0.07323195040225983,
                    "y": 0.05896615982055664,
                    "z": 1.4639568328857422
                },
                "rotation": {
                    "x": 0.0,
                    "y": 0.4846048951148987,
                    "z": 0.0,
                    "w": 0.8747332096099854
                }
            }
        ]
    },
    "playerData": {
        "health": 100.0,
        "ammoRemain": 100,
        "magCapacity": 25,
        "magAmmo": 0,
        "position": {
            "x": -1.1922274827957154,
            "y": -5.960464477539063e-8,
            "z": -6.154383182525635
        },
        "rotation": {
            "x": 0.0,
            "y": 0.5581303238868713,
            "z": 0.0,
            "w": 0.8297533392906189
        }
    }
}