{
    "score": 500,
    "waveData": {
        "wave": 3,
        "enemyDatas": [
            {
                "startingHealth": 192.99749755859376,
                "health": 100.0,
                "damage": 38.5994987487793,
                "speed": 2.859949827194214,
                "color": {
                    "r": 1.0,
                    "g": 0.07002508640289307,
                    "b": 0.07002508640289307,
                    "a": 1.0
                },
                "position": {
                    "x": 5.935572147369385,
                    "y": 0.05896615982055664,
                    "z": 1.5691388845443726
                },
                "rotation": {
                    "x": 0.0,
                    "y": -0.7778438329696655,
                    "z": 0.0,
                    "w": 0.6284577250480652
                }
            },
            {
                "startingHealth": 143.21824645996095,
                "health": 75.0,
                "damage": 28.64365005493164,
                "speed": 1.8643649816513062,
                "color": {
                    "r": 1.0,
                    "g": 0.5678175091743469,
                    "b": 0.5678175091743469,
                    "a": 1.0
                },
                "position": {
                    "x": 7.518982410430908,
                    "y": 0.05896615982055664,
                    "z": 1.1407294273376465
                },
                "rotation": {
                    "x": 0.0,
                    "y": -0.7680151462554932,
                    "z": 0.0,
                    "w": 0.6404317617416382
                }
            },
            {
                "startingHealth": 195.1932373046875,
                "health": 100.0,
                "damage": 39.03865051269531,
                "speed": 2.903864860534668,
                "color": {
                    "r": 1.0,
                    "g": 0.048067569732666019,
                    "b": 0.048067569732666019,
                    "a": 1.0
                },
                "position": {
                    "x": -0.9978440403938294,
                    "y": 0.07399769127368927,
                    "z": -6.120187282562256
                },
                "rotation": {
                    "x": 0.0,
                    "y": 0.12116511911153794,
                    "z": 0.0,
                    "w": 0.9926323890686035
                }
            },
            {
                "startingHealth": 108.09762573242188,
                "health": 100.0,
                "damage": 21.619525909423829,
                "speed": 1.1619524955749512,
                "color": {
                    "r": 1.0,
                    "g": 0.9190237522125244,
                    "b": 0.9190237522125244,
                    "a": 1.0
                },
                "position": {
                    "x": 8.996550559997559,
                    "y": 0.05896615982055664,
                    "z": 0.8981016278266907
                },
                "rotation": {
                    "x": 0.0,
                    "y": -0.7337881922721863,
                    "z": 0.0,
                    "w": 0.6793783903121948
                }
            },
            {
                "startingHealth": 129.30320739746095,
                "health": 0.0,
                "damage": 25.860641479492189,
                "speed": 1.5860642194747925,
                "color": {
                    "r": 1.0,
                    "g": 0.7069678902626038,
                    "b": 0.7069678902626038,
                    "a": 1.0
                },
                "position": {
                    "x": -1.4385266304016114,
                    "y": 0.10265429317951203,
                    "z": -1.701397180557251
                },
                "rotation": {
                    "x": 0.0,
                    "y": 0.9818388819694519,
                    "z": 0.0,
                    "w": -0.18971671164035798
                }
            },
            {
                "startingHealth": 125.15019989013672,
                "health": 0.0,
                "damage": 25.030038833618165,
                "speed": 1.5030039548873902,
                "color": {
                    "r": 1.0,
                    "g": 0.7484980225563049,
                    "b": 0.7484980225563049,
                    "a": 1.0
                },
                "position": {
                    "x": -1.1436880826950074,
                    "y": 0.08886198699474335,
                    "z": -0.6667461395263672
                },
                "rotation": {
                    "x": 0.0,
                    "y": 0.9849345684051514,
                    "z": 0.0,
                    "w": -0.17292778193950654
                }
            }
        ]
    },
    "playerData": {
        "health": 100.0,
        "ammoRemain": 84,
        "magCapacity": 25,
        "magAmmo": 8,
        "position": {
            "x": 0.008158346638083458,
            "y": 0.045815110206604007,
            "z": 1.3315225839614869
        },
        "rotation": {
            "x": 0.0,
            "y": 0.7091879844665527,
            "z": 0.0,
            "w": 0.705019474029541
        }
    }
}