{
    "score": 300,
    "waveData": {
        "wave": 2,
        "enemyDatas": [
            {
                "startingHealth": 125.15019989013672,
                "health": 100.0,
                "damage": 25.030038833618165,
                "speed": 1.5030039548873902,
                "color": {
                    "r": 1.0,
                    "g": 0.7484980225563049,
                    "b": 0.7484980225563049,
                    "a": 1.0
                },
                "position": {
                    "x": -4.231022834777832,
                    "y": 0.05353426933288574,
                    "z": 1.656136393547058
                },
                "rotation": {
                    "x": 0.0,
                    "y": 0.8141154050827026,
                    "z": 0.0,
                    "w": 0.5807031989097595
                }
            },
            {
                "startingHealth": 161.28216552734376,
                "health": 0.0,
                "damage": 32.256431579589847,
                "speed": 2.2256431579589845,
                "color": {
                    "r": 1.0,
                    "g": 0.38717836141586306,
                    "b": 0.38717836141586306,
                    "a": 1.0
                },
                "position": {
                    "x": -1.5965734720230103,
                    "y": 0.13706085085868836,
                    "z": -0.5370444059371948
                },
                "rotation": {
                    "x": 0.0,
                    "y": 0.4520830512046814,
                    "z": 0.0,
                    "w": 0.8919758796691895
                }
            },
            {
                "startingHealth": 129.30320739746095,
                "health": 100.0,
                "damage": 25.860641479492189,
                "speed": 1.5860642194747925,
                "color": {
                    "r": 1.0,
                    "g": 0.7069678902626038,
                    "b": 0.7069678902626038,
                    "a": 1.0
                },
                "position": {
                    "x": -3.240548610687256,
                    "y": 0.05896615982055664,
                    "z": 3.0882980823516847
                },
                "rotation": {
                    "x": 0.0,
                    "y": 0.6282263994216919,
                    "z": 0.0,
                    "w": 0.7780305743217468
                }
            },
            {
                "startingHealth": 194.68930053710938,
                "health": 0.0,
                "damage": 38.93785858154297,
                "speed": 2.8937859535217287,
                "color": {
                    "r": 1.0,
                    "g": 0.05310702323913574,
                    "b": 0.05310702323913574,
                    "a": 1.0
                },
                "position": {
                    "x": -6.530654430389404,
                    "y": 0.14038941264152528,
                    "z": 0.48023656010627749
                },
                "rotation": {
                    "x": 0.0,
                    "y": 0.8789027333259583,
                    "z": 0.0,
                    "w": -0.4770009219646454
                }
            },
            {
                "startingHealth": 129.74984741210938,
                "health": 0.0,
                "damage": 25.949968338012697,
                "speed": 1.5949968099594117,
                "color": {
                    "r": 1.0,
                    "g": 0.7025015950202942,
                    "b": 0.7025015950202942,
                    "a": 1.0
                },
                "position": {
                    "x": -2.6397147178649904,
                    "y": 0.1761850118637085,
                    "z": -0.9856475591659546
                },
                "rotation": {
                    "x": 0.0,
                    "y": -0.876481831073761,
                    "z": 0.0,
                    "w": 0.48143506050109866
                }
            }
        ]
    },
    "playerData": {
        "health": 100.0,
        "ammoRemain": 84,
        "magCapacity": 25,
        "magAmmo": 19,
        "position": {
            "x": 2.2527921199798586,
            "y": -0.0000035762786865234377,
            "z": 5.33046817779541
        },
        "rotation": {
            "x": 0.0,
            "y": 0.7376590967178345,
            "z": 0.0,
            "w": 0.6751733422279358
        }
    }
}